Date,Product Name,Product Type,Brand,Gender,Category,Country,Quantity,Unit Price ($),Amount ($),Payment Mode,Month
2022-05-27,Fear of God Essentials Tee,Camiseta,Essentials,Unisex,Limited Edition,Japan,5,141.82,709.1,Cartão,5
2022-08-22,Yeezy Boost 350,Tênis,Adidas,Unisex,Streetwear,USA,2,267.34,534.68,Dinheiro,8
2022-04-03,Nike Dunk Low,Tênis,Nike,Feminino,Limited Edition,Germany,1,292.0,292.0,Dinheiro,4
2022-07-13,Nike Tech Fleece,Moletom com capuz,Nike,Masculino,Limited Edition,USA,4,245.44,981.76,Dinheiro,7
2022-08-25,Jordan 1 High,Tênis,Nike,Feminino,Casual,Australia,2,184.51,369.02,Dinheiro,8
2022-02-23,Yeezy Boost 350,Tênis,Adidas,Feminino,Casual,UK,2,128.86,257.72,UPI,2
2022-07-12,Fear of God Essentials Tee,Camiseta,Essentials,Feminino,Limited Edition,Germany,1,207.85,207.85,Carteira Digital,7
2022-07-14,Off-White Hoodie,Moletom com capuz,Off-White,Masculino,Streetwear,Canada,2,163.32,326.64,UPI,7
2022-06-20,Jordan 1 High,Tênis,Nike,Feminino,Streetwear,USA,3,199.47,598.41,Carteira Digital,6
2022-01-02,Jordan 1 High,Tênis,Nike,Unisex,Sportswear,Japan,4,298.22,1192.88,Carteira Digital,1
2022-06-25,Yeezy Boost 350,Tênis,Adidas,Masculino,Limited Edition,USA,1,117.18,117.18,Dinheiro,6
2022-01-31,Supreme Hoodie,Moletom com capuz,Supreme,Feminino,Casual,Germany,2,240.23,480.46,Dinheiro,1
2022-08-26,Nike Dunk Low,Tênis,Nike,Feminino,Casual,Germany,3,295.75,887.25,Cartão,8
2022-02-08,Supreme Hoodie,Moletom com capuz,Supreme,Unisex,Casual,India,1,54.44,54.44,Dinheiro,2
2022-08-25,Adidas Ultraboost,Tênis,Adidas,Unisex,Casual,USA,1,104.16,104.16,Carteira Digital,8
2022-05-15,Nike Dunk Low,Tênis,Nike,Feminino,Casual,UK,5,64.66,323.3,Cartão,5
2022-01-27,Supreme Hoodie,Moletom com capuz,Supreme,Masculino,Streetwear,Germany,3,114.29,342.87,UPI,1
2022-04-02,New Era Cap,Boné,New Era,Feminino,Sportswear,Germany,1,167.77,167.77,Dinheiro,4
2022-07-11,Fear of God Essentials Tee,Camiseta,Essentials,Feminino,Sportswear,India,3,167.36,502.08,UPI,7
2022-08-18,Nike Dunk Low,Tênis,Nike,Unisex,Streetwear,India,4,295.53,1182.12,Carteira Digital,8
2022-04-08,New Era Cap,Boné,New Era,Masculino,Limited Edition,UK,4,107.31,429.24,UPI,4
2022-06-07,Nike Tech Fleece,Moletom com capuz,Nike,Unisex,Sportswear,Germany,5,119.54,597.7,Cartão,6
2022-05-07,New Era Cap,Boné,New Era,Masculino,Sportswear,USA,3,295.25,885.75,Carteira Digital,5
2022-05-28,Adidas Ultraboost,Tênis,Adidas,Unisex,Sportswear,UK,4,63.73,254.92,Cartão,5
2022-06-25,Nike Tech Fleece,Moletom com capuz,Nike,Masculino,Streetwear,UK,4,86.13,344.52,UPI,6
2022-03-24,Jordan 1 High,Tênis,Nike,Masculino,Limited Edition,Japan,4,172.68,690.72,UPI,3
2022-02-25,Puma Joggers,Calça desportiva,Puma,Feminino,Streetwear,UK,5,203.5,1017.5,Cartão,2
2022-05-15,Nike Tech Fleece,Moletom com capuz,Nike,Unisex,Limited Edition,Germany,3,200.92,602.76,Dinheiro,5
2022-03-31,Supreme Hoodie,Moletom com capuz,Supreme,Feminino,Sportswear,Germany,1,251.98,251.98,Cartão,3
2022-08-10,Puma Joggers,Calça desportiva,Puma,Masculino,Streetwear,Japan,4,121.9,487.6,Cartão,8
2022-04-26,Off-White Hoodie,Moletom com capuz,Off-White,Unisex,Streetwear,USA,4,258.82,1035.28,Dinheiro,4
2022-02-24,Nike Dunk Low,Tênis,Nike,Feminino,Sportswear,USA,2,203.05,406.1,Dinheiro,2
2022-01-07,Puma Joggers,Calça desportiva,Puma,Feminino,Limited Edition,UK,2,130.05,260.1,Carteira Digital,1
2022-06-28,New Era Cap,Boné,New Era,Feminino,Casual,Canada,4,185.54,742.16,UPI,6
2022-03-08,Off-White Hoodie,Moletom com capuz,Off-White,Feminino,Casual,UK,5,234.84,1174.2,Cartão,3
2022-07-26,Yeezy Boost 350,Tênis,Adidas,Feminino,Limited Edition,Canada,2,134.39,268.78,Dinheiro,7
2022-02-16,Off-White Hoodie,Moletom com capuz,Off-White,Masculino,Limited Edition,India,3,82.56,247.68,UPI,2
2022-07-17,Off-White Hoodie,Moletom com capuz,Off-White,Masculino,Limited Edition,Germany,4,191.11,764.44,Carteira Digital,7
2022-04-28,Yeezy Boost 350,Tênis,Adidas,Unisex,Sportswear,Australia,1,70.69,70.69,UPI,4
2022-03-13,Off-White Hoodie,Moletom com capuz,Off-White,Feminino,Casual,UK,1,89.14,89.14,Dinheiro,3
2022-07-24,New Era Cap,Boné,New Era,Unisex,Limited Edition,India,4,135.07,540.28,Dinheiro,7
2022-06-11,Adidas Ultraboost,Tênis,Adidas,Masculino,Streetwear,Germany,2,223.0,446.0,Dinheiro,6
2022-06-28,Fear of God Essentials Tee,Camiseta,Essentials,Unisex,Limited Edition,UK,4,238.52,954.08,Dinheiro,6
2022-07-12,Nike Tech Fleece,Moletom com capuz,Nike,Feminino,Casual,Australia,5,120.55,602.75,UPI,7
2022-02-13,New Era Cap,Boné,New Era,Feminino,Streetwear,Germany,4,212.66,850.64,Carteira Digital,2
2022-07-10,Off-White Hoodie,Moletom com capuz,Off-White,Feminino,Streetwear,Canada,5,256.22,1281.1,Carteira Digital,7
2022-01-22,Jordan 1 High,Tênis,Nike,Unisex,Casual,Canada,4,124.4,497.6,Carteira Digital,1
2022-06-18,Jordan 1 High,Tênis,Nike,Feminino,Casual,Germany,2,80.33,160.66,Cartão,6
2022-03-18,Supreme Hoodie,Moletom com capuz,Supreme,Unisex,Sportswear,Canada,5,58.65,293.25,UPI,3
2022-08-21,Nike Dunk Low,Tênis,Nike,Feminino,Streetwear,USA,5,183.55,917.75,Dinheiro,8
2022-07-07,Puma Joggers,Calça desportiva,Puma,Unisex,Streetwear,Canada,2,210.77,421.54,Cartão,7
2022-05-11,Yeezy Boost 350,Tênis,Adidas,Unisex,Casual,Germany,4,218.82,875.28,Carteira Digital,5
2022-06-17,Fear of God Essentials Tee,Camiseta,Essentials,Feminino,Sportswear,UK,5,133.74,668.7,Cartão,6
2022-05-24,Adidas Ultraboost,Tênis,Adidas,Feminino,Casual,UK,1,208.47,208.47,Dinheiro,5
2022-05-28,Off-White Hoodie,Moletom com capuz,Off-White,Unisex,Limited Edition,Canada,1,180.42,180.42,Dinheiro,5
2022-06-29,Puma Joggers,Calça desportiva,Puma,Masculino,Casual,Japan,3,127.36,382.08,Cartão,6
2022-05-25,Supreme Hoodie,Moletom com capuz,Supreme,Masculino,Streetwear,Japan,3,149.51,448.53,Dinheiro,5
2022-03-09,New Era Cap,Boné,New Era,Masculino,Casual,India,3,136.36,409.08,Cartão,3
2022-08-21,Nike Tech Fleece,Moletom com capuz,Nike,Unisex,Casual,UK,5,162.38,811.9,Cartão,8
2022-05-27,Puma Joggers,Calça desportiva,Puma,Feminino,Sportswear,Australia,2,259.66,519.32,Carteira Digital,5
2022-05-22,Off-White Hoodie,Moletom com capuz,Off-White,Masculino,Streetwear,Canada,1,180.39,180.39,Cartão,5
2022-06-02,Off-White Hoodie,Moletom com capuz,Off-White,Masculino,Limited Edition,Canada,3,80.35,241.05,Cartão,6
2022-03-06,Fear of God Essentials Tee,Camiseta,Essentials,Masculino,Streetwear,Japan,2,222.08,444.16,UPI,3
2022-03-21,Puma Joggers,Calça desportiva,Puma,Feminino,Sportswear,Germany,1,287.44,287.44,UPI,3
2022-07-16,Fear of God Essentials Tee,Camiseta,Essentials,Unisex,Limited Edition,UK,5,137.9,689.5,UPI,7
2022-03-19,Off-White Hoodie,Moletom com capuz,Off-White,Unisex,Streetwear,Canada,3,214.68,644.04,UPI,3
2022-08-04,Nike Tech Fleece,Moletom com capuz,Nike,Feminino,Limited Edition,USA,2,269.88,539.76,Dinheiro,8
2022-05-03,Jordan 1 High,Tênis,Nike,Unisex,Sportswear,India,1,96.97,96.97,Carteira Digital,5
2022-07-01,New Era Cap,Boné,New Era,Feminino,Limited Edition,Australia,4,270.55,1082.2,Dinheiro,7
2022-06-16,Adidas Ultraboost,Tênis,Adidas,Unisex,Sportswear,Australia,3,261.31,783.93,Cartão,6
2022-01-10,New Era Cap,Boné,New Era,Unisex,Sportswear,USA,4,56.4,225.6,Cartão,1
2022-07-08,Yeezy Boost 350,Tênis,Adidas,Masculino,Sportswear,Germany,3,239.55,718.65,Cartão,7
2022-08-20,Jordan 1 High,Tênis,Nike,Unisex,Limited Edition,Germany,2,94.62,189.24,Dinheiro,8
2022-07-24,Fear of God Essentials Tee,Camiseta,Essentials,Unisex,Limited Edition,Germany,4,57.22,228.88,Dinheiro,7
2022-07-14,Nike Dunk Low,Tênis,Nike,Masculino,Limited Edition,Germany,1,170.86,170.86,Carteira Digital,7
2022-02-11,Adidas Ultraboost,Tênis,Adidas,Masculino,Streetwear,Australia,3,105.79,317.37,Carteira Digital,2
2022-05-26,Adidas Ultraboost,Tênis,Adidas,Masculino,Streetwear,Australia,5,112.95,564.75,Cartão,5
2022-08-20,Off-White Hoodie,Moletom com capuz,Off-White,Unisex,Limited Edition,USA,5,55.8,279.0,Cartão,8
2022-05-05,Supreme Hoodie,Moletom com capuz,Supreme,Masculino,Sportswear,India,1,50.1,50.1,Cartão,5
2022-08-31,Yeezy Boost 350,Tênis,Adidas,Masculino,Limited Edition,USA,1,56.49,56.49,UPI,8
2022-04-21,Off-White Hoodie,Moletom com capuz,Off-White,Masculino,Sportswear,Australia,5,100.65,503.25,Carteira Digital,4
2022-08-21,Adidas Ultraboost,Tênis,Adidas,Masculino,Casual,Japan,2,160.44,320.88,UPI,8
2022-04-15,Puma Joggers,Calça desportiva,Puma,Feminino,Streetwear,Japan,4,242.44,969.76,Dinheiro,4
2022-05-07,Yeezy Boost 350,Tênis,Adidas,Unisex,Streetwear,Australia,2,209.81,419.62,Cartão,5
2022-03-14,Adidas Ultraboost,Tênis,Adidas,Masculino,Casual,India,4,261.96,1047.84,Dinheiro,3
2022-08-30,Supreme Hoodie,Moletom com capuz,Supreme,Masculino,Casual,USA,3,242.71,728.13,Dinheiro,8
2022-06-06,Jordan 1 High,Tênis,Nike,Feminino,Limited Edition,USA,5,299.3,1496.5,Cartão,6
2022-08-29,Yeezy Boost 350,Tênis,Adidas,Unisex,Streetwear,USA,4,162.85,651.4,UPI,8
2022-08-02,Puma Joggers,Calça desportiva,Puma,Unisex,Streetwear,Japan,5,215.63,1078.15,Cartão,8
2022-05-31,Jordan 1 High,Tênis,Nike,Feminino,Limited Edition,Germany,1,54.99,54.99,Dinheiro,5
2022-02-01,Yeezy Boost 350,Tênis,Adidas,Masculino,Sportswear,UK,4,185.7,742.8,Carteira Digital,2
2022-04-09,Nike Tech Fleece,Moletom com capuz,Nike,Unisex,Streetwear,Canada,2,153.75,307.5,Dinheiro,4
2022-03-21,Supreme Hoodie,Moletom com capuz,Supreme,Masculino,Limited Edition,Australia,5,235.5,1177.5,Carteira Digital,3
2022-07-23,Supreme Hoodie,Moletom com capuz,Supreme,Feminino,Casual,Canada,3,239.76,719.28,Cartão,7
2022-02-07,Off-White Hoodie,Moletom com capuz,Off-White,Masculino,Casual,USA,4,213.82,855.28,Cartão,2
2022-04-27,Yeezy Boost 350,Tênis,Adidas,Feminino,Casual,Japan,1,67.2,67.2,Carteira Digital,4
2022-03-07,New Era Cap,Boné,New Era,Masculino,Sportswear,Japan,4,207.05,828.2,UPI,3
2022-05-05,Nike Tech Fleece,Moletom com capuz,Nike,Unisex,Sportswear,Japan,3,257.92,773.76,Carteira Digital,5
2022-06-18,Yeezy Boost 350,Tênis,Adidas,Feminino,Limited Edition,Canada,1,122.32,122.32,Dinheiro,6
2022-05-26,Fear of God Essentials Tee,Camiseta,Essentials,Unisex,Casual,USA,1,203.63,203.63,Dinheiro,5
2022-05-28,Jordan 1 High,Tênis,Nike,Masculino,Sportswear,Canada,3,278.15,834.45,Carteira Digital,5
2022-07-03,Nike Tech Fleece,Moletom com capuz,Nike,Masculino,Sportswear,Germany,3,129.78,389.34,Cartão,7
2022-06-05,Jordan 1 High,Tênis,Nike,Masculino,Casual,Australia,5,199.42,997.1,Dinheiro,6
2022-06-26,Adidas Ultraboost,Tênis,Adidas,Masculino,Limited Edition,Japan,5,98.23,491.15,Dinheiro,6
2022-05-07,Nike Dunk Low,Tênis,Nike,Unisex,Streetwear,Australia,1,114.47,114.47,Carteira Digital,5
2022-03-04,Puma Joggers,Calça desportiva,Puma,Feminino,Streetwear,Japan,5,224.71,1123.55,UPI,3
2022-01-29,Jordan 1 High,Tênis,Nike,Unisex,Limited Edition,India,3,104.04,312.12,Dinheiro,1
2022-03-02,Puma Joggers,Calça desportiva,Puma,Masculino,Sportswear,UK,5,140.26,701.3,Cartão,3
2022-06-01,Adidas Ultraboost,Tênis,Adidas,Masculino,Streetwear,UK,5,215.38,1076.9,Cartão,6
2022-05-15,Yeezy Boost 350,Tênis,Adidas,Feminino,Limited Edition,Australia,4,127.55,510.2,Dinheiro,5
2022-08-30,Jordan 1 High,Tênis,Nike,Feminino,Limited Edition,UK,3,182.2,546.6,Cartão,8
2022-04-04,Nike Tech Fleece,Moletom com capuz,Nike,Masculino,Casual,Germany,4,246.66,986.64,Dinheiro,4
2022-06-16,Yeezy Boost 350,Tênis,Adidas,Feminino,Casual,Japan,5,262.68,1313.4,Carteira Digital,6
2022-01-24,Adidas Ultraboost,Tênis,Adidas,Masculino,Limited Edition,USA,3,101.39,304.17,Dinheiro,1
2022-02-14,Off-White Hoodie,Moletom com capuz,Off-White,Feminino,Casual,Japan,1,59.05,59.05,Dinheiro,2
2022-03-09,Off-White Hoodie,Moletom com capuz,Off-White,Unisex,Streetwear,Canada,1,101.32,101.32,UPI,3
2022-07-16,Nike Dunk Low,Tênis,Nike,Masculino,Sportswear,Australia,4,228.88,915.52,Cartão,7
2022-06-15,Nike Dunk Low,Tênis,Nike,Feminino,Limited Edition,Japan,4,258.6,1034.4,Cartão,6
2022-02-19,Adidas Ultraboost,Tênis,Adidas,Unisex,Streetwear,Australia,4,129.95,519.8,Dinheiro,2
2022-07-06,Adidas Ultraboost,Tênis,Adidas,Feminino,Casual,Germany,5,190.03,950.15,Dinheiro,7
2022-02-01,New Era Cap,Boné,New Era,Unisex,Casual,Canada,1,239.21,239.21,Carteira Digital,2
2022-03-25,Fear of God Essentials Tee,Camiseta,Essentials,Unisex,Streetwear,Australia,1,271.18,271.18,Dinheiro,3
2022-02-03,Puma Joggers,Calça desportiva,Puma,Feminino,Streetwear,Japan,5,140.65,703.25,Carteira Digital,2
2022-06-30,Fear of God Essentials Tee,Camiseta,Essentials,Unisex,Streetwear,UK,3,97.21,291.63,Dinheiro,6
2022-02-12,Supreme Hoodie,Moletom com capuz,Supreme,Masculino,Sportswear,UK,5,110.05,550.25,Cartão,2
2022-07-15,Adidas Ultraboost,Tênis,Adidas,Unisex,Casual,Germany,1,209.13,209.13,Dinheiro,7
2022-02-06,Nike Dunk Low,Tênis,Nike,Feminino,Sportswear,Australia,1,256.81,256.81,Cartão,2
2022-01-20,Supreme Hoodie,Moletom com capuz,Supreme,Feminino,Limited Edition,Germany,2,53.05,106.1,Dinheiro,1
2022-04-03,Yeezy Boost 350,Tênis,Adidas,Masculino,Sportswear,UK,4,127.11,508.44,Dinheiro,4
2022-07-02,Nike Tech Fleece,Moletom com capuz,Nike,Feminino,Sportswear,Japan,2,259.46,518.92,Carteira Digital,7
2022-03-12,Off-White Hoodie,Moletom com capuz,Off-White,Unisex,Casual,UK,2,183.29,366.58,Carteira Digital,3
2022-01-16,Off-White Hoodie,Moletom com capuz,Off-White,Feminino,Sportswear,Canada,2,130.4,260.8,Dinheiro,1
2022-03-01,Yeezy Boost 350,Tênis,Adidas,Masculino,Streetwear,Canada,5,112.04,560.2,Carteira Digital,3
2022-02-27,Puma Joggers,Calça desportiva,Puma,Feminino,Casual,Japan,5,85.1,425.5,Dinheiro,2
2022-07-02,Puma Joggers,Calça desportiva,Puma,Unisex,Streetwear,Australia,1,180.65,180.65,Dinheiro,7
2022-02-08,New Era Cap,Boné,New Era,Feminino,Casual,UK,5,147.13,735.65,Carteira Digital,2
2022-01-22,Puma Joggers,Calça desportiva,Puma,Feminino,Limited Edition,Australia,3,110.78,332.34,Dinheiro,1
2022-06-24,Nike Tech Fleece,Moletom com capuz,Nike,Feminino,Streetwear,India,5,58.37,291.85,UPI,6
2022-07-23,Supreme Hoodie,Moletom com capuz,Supreme,Feminino,Casual,Germany,5,241.67,1208.35,Cartão,7
2022-07-25,Off-White Hoodie,Moletom com capuz,Off-White,Feminino,Limited Edition,USA,2,89.67,179.34,UPI,7
2022-05-29,Nike Dunk Low,Tênis,Nike,Feminino,Streetwear,Canada,1,132.09,132.09,UPI,5
2022-08-04,New Era Cap,Boné,New Era,Feminino,Casual,Japan,2,202.18,404.36,UPI,8
2022-02-12,Yeezy Boost 350,Tênis,Adidas,Masculino,Casual,UK,3,90.19,270.57,Dinheiro,2
2022-03-01,Nike Tech Fleece,Moletom com capuz,Nike,Unisex,Streetwear,USA,2,179.28,358.56,Dinheiro,3
2022-03-23,Nike Tech Fleece,Moletom com capuz,Nike,Masculino,Sportswear,USA,5,188.61,943.05,Carteira Digital,3
2022-08-30,Fear of God Essentials Tee,Camiseta,Essentials,Masculino,Sportswear,UK,2,111.36,222.72,Cartão,8
2022-02-18,New Era Cap,Boné,New Era,Feminino,Sportswear,UK,3,53.98,161.94,Dinheiro,2
2022-05-28,Off-White Hoodie,Moletom com capuz,Off-White,Unisex,Streetwear,Canada,4,240.64,962.56,Dinheiro,5
2022-02-28,Off-White Hoodie,Moletom com capuz,Off-White,Feminino,Casual,USA,5,195.57,977.85,Dinheiro,2
2022-03-09,Nike Tech Fleece,Moletom com capuz,Nike,Unisex,Streetwear,Canada,3,224.66,673.98,Dinheiro,3
2022-04-28,Puma Joggers,Calça desportiva,Puma,Feminino,Sportswear,Canada,3,65.2,195.6,Carteira Digital,4
2022-07-13,Adidas Ultraboost,Tênis,Adidas,Feminino,Limited Edition,Canada,4,117.78,471.12,UPI,7
2022-02-09,Jordan 1 High,Tênis,Nike,Feminino,Streetwear,India,4,214.93,859.72,Cartão,2
2022-08-16,Puma Joggers,Calça desportiva,Puma,Unisex,Limited Edition,Japan,2,249.49,498.98,Dinheiro,8
2022-06-13,Yeezy Boost 350,Tênis,Adidas,Masculino,Casual,India,4,141.35,565.4,UPI,6
2022-03-03,Puma Joggers,Calça desportiva,Puma,Unisex,Limited Edition,Japan,3,264.14,792.42,Cartão,3
2022-01-03,Fear of God Essentials Tee,Camiseta,Essentials,Unisex,Casual,UK,5,73.58,367.9,UPI,1
2022-07-26,Fear of God Essentials Tee,Camiseta,Essentials,Unisex,Streetwear,USA,1,106.59,106.59,Cartão,7
2022-02-12,Nike Tech Fleece,Moletom com capuz,Nike,Masculino,Streetwear,Canada,3,59.98,179.94,UPI,2
2022-03-02,Puma Joggers,Calça desportiva,Puma,Feminino,Casual,Japan,3,87.81,263.43,Cartão,3
2022-04-06,Nike Tech Fleece,Moletom com capuz,Nike,Masculino,Sportswear,Japan,2,283.6,567.2,UPI,4
2022-08-11,Puma Joggers,Calça desportiva,Puma,Masculino,Limited Edition,Japan,2,194.31,388.62,UPI,8
2022-06-23,Supreme Hoodie,Moletom com capuz,Supreme,Unisex,Limited Edition,Japan,4,199.68,798.72,Carteira Digital,6
2022-04-08,Fear of God Essentials Tee,Camiseta,Essentials,Feminino,Sportswear,Japan,5,145.47,727.35,Cartão,4
2022-01-31,Supreme Hoodie,Moletom com capuz,Supreme,Feminino,Limited Edition,Australia,1,141.11,141.11,UPI,1
2022-04-16,Jordan 1 High,Tênis,Nike,Feminino,Casual,UK,2,188.4,376.8,Cartão,4
2022-03-30,Supreme Hoodie,Moletom com capuz,Supreme,Masculino,Limited Edition,Germany,4,145.28,581.12,Cartão,3
2022-07-15,Adidas Ultraboost,Tênis,Adidas,Masculino,Streetwear,Australia,2,277.48,554.96,Cartão,7
2022-08-16,Nike Tech Fleece,Moletom com capuz,Nike,Feminino,Limited Edition,Japan,4,153.56,614.24,Carteira Digital,8
2022-03-15,Fear of God Essentials Tee,Camiseta,Essentials,Masculino,Casual,Japan,2,74.83,149.66,Cartão,3
2022-07-06,Supreme Hoodie,Moletom com capuz,Supreme,Feminino,Limited Edition,Germany,1,136.8,136.8,UPI,7
2022-06-26,Yeezy Boost 350,Tênis,Adidas,Unisex,Casual,USA,3,209.69,629.07,Carteira Digital,6
2022-03-18,Supreme Hoodie,Moletom com capuz,Supreme,Masculino,Casual,India,3,200.87,602.61,Dinheiro,3
2022-02-04,Puma Joggers,Calça desportiva,Puma,Masculino,Streetwear,Japan,1,221.26,221.26,Cartão,2
2022-01-03,Nike Dunk Low,Tênis,Nike,Feminino,Streetwear,USA,5,176.98,884.9,Cartão,1
2022-08-06,New Era Cap,Boné,New Era,Masculino,Casual,UK,5,77.08,385.4,Carteira Digital,8
2022-03-06,Jordan 1 High,Tênis,Nike,Masculino,Casual,Canada,4,239.54,958.16,Carteira Digital,3
2022-03-19,Supreme Hoodie,Moletom com capuz,Supreme,Masculino,Streetwear,India,5,179.54,897.7,UPI,3
2022-04-05,Off-White Hoodie,Moletom com capuz,Off-White,Feminino,Streetwear,Canada,3,274.23,822.69,Dinheiro,4
2022-03-11,Nike Tech Fleece,Moletom com capuz,Nike,Feminino,Limited Edition,India,5,99.89,499.45,Dinheiro,3
2022-04-03,Yeezy Boost 350,Tênis,Adidas,Feminino,Sportswear,UK,4,148.11,592.44,Dinheiro,4
2022-06-30,Jordan 1 High,Tênis,Nike,Unisex,Sportswear,India,5,81.97,409.85,Dinheiro,6
2022-01-09,Yeezy Boost 350,Tênis,Adidas,Feminino,Limited Edition,India,3,291.29,873.87,Carteira Digital,1
2022-05-02,Adidas Ultraboost,Tênis,Adidas,Masculino,Streetwear,Canada,5,138.95,694.75,UPI,5
2022-01-27,Adidas Ultraboost,Tênis,Adidas,Masculino,Streetwear,Japan,4,208.19,832.76,Carteira Digital,1
2022-07-27,Jordan 1 High,Tênis,Nike,Masculino,Limited Edition,India,5,291.7,1458.5,Carteira Digital,7
2022-06-10,Fear of God Essentials Tee,Camiseta,Essentials,Feminino,Sportswear,Australia,3,209.89,629.67,UPI,6
2022-05-04,Jordan 1 High,Tênis,Nike,Unisex,Casual,Japan,4,171.49,685.96,Dinheiro,5
2022-01-17,Nike Tech Fleece,Moletom com capuz,Nike,Masculino,Casual,Germany,3,156.22,468.66,Carteira Digital,1
2022-06-07,Yeezy Boost 350,Tênis,Adidas,Masculino,Streetwear,Japan,4,158.82,635.28,UPI,6
2022-07-12,Off-White Hoodie,Moletom com capuz,Off-White,Masculino,Sportswear,UK,3,218.91,656.73,Carteira Digital,7
2022-07-27,Supreme Hoodie,Moletom com capuz,Supreme,Feminino,Limited Edition,Australia,5,54.88,274.4,Carteira Digital,7
2022-05-08,New Era Cap,Boné,New Era,Feminino,Sportswear,Canada,1,75.27,75.27,Cartão,5
2022-06-12,Puma Joggers,Calça desportiva,Puma,Masculino,Limited Edition,India,1,144.04,144.04,Dinheiro,6
2022-07-26,Jordan 1 High,Tênis,Nike,Masculino,Streetwear,Germany,4,196.45,785.8,UPI,7
2022-01-17,Nike Dunk Low,Tênis,Nike,Masculino,Limited Edition,USA,3,213.66,640.98,Cartão,1
2022-08-16,Yeezy Boost 350,Tênis,Adidas,Masculino,Streetwear,UK,1,164.57,164.57,Dinheiro,8
2022-04-13,Jordan 1 High,Tênis,Nike,Masculino,Casual,Canada,4,203.25,813.0,Carteira Digital,4
2022-05-13,Off-White Hoodie,Moletom com capuz,Off-White,Feminino,Sportswear,UK,5,91.11,455.55,Dinheiro,5
2022-02-17,Off-White Hoodie,Moletom com capuz,Off-White,Unisex,Streetwear,USA,3,57.92,173.76,Dinheiro,2
2022-07-31,Jordan 1 High,Tênis,Nike,Feminino,Limited Edition,Japan,3,209.3,627.9,Carteira Digital,7
2022-08-25,Adidas Ultraboost,Tênis,Adidas,Unisex,Casual,Germany,1,112.26,112.26,UPI,8
2022-08-30,Nike Dunk Low,Tênis,Nike,Feminino,Limited Edition,Canada,2,216.83,433.66,UPI,8
2022-07-21,Puma Joggers,Calça desportiva,Puma,Unisex,Limited Edition,Canada,5,68.52,342.6,UPI,7
2022-08-02,Supreme Hoodie,Moletom com capuz,Supreme,Masculino,Casual,Canada,1,98.04,98.04,Dinheiro,8
2022-06-30,Fear of God Essentials Tee,Camiseta,Essentials,Masculino,Casual,India,5,204.35,1021.75,Carteira Digital,6
2022-04-10,Nike Dunk Low,Tênis,Nike,Feminino,Streetwear,Germany,4,283.7,1134.8,Cartão,4
2022-07-03,Off-White Hoodie,Moletom com capuz,Off-White,Feminino,Limited Edition,India,4,172.52,690.08,UPI,7
2022-02-26,Jordan 1 High,Tênis,Nike,Masculino,Limited Edition,USA,3,51.81,155.43,Carteira Digital,2
2022-04-29,Nike Tech Fleece,Moletom com capuz,Nike,Masculino,Sportswear,Japan,5,71.28,356.4,Dinheiro,4
2022-02-24,Yeezy Boost 350,Tênis,Adidas,Unisex,Sportswear,Canada,2,248.44,496.88,Dinheiro,2
2022-07-03,Yeezy Boost 350,Tênis,Adidas,Feminino,Sportswear,India,2,107.04,214.08,Cartão,7
2022-08-30,Puma Joggers,Calça desportiva,Puma,Feminino,Sportswear,Australia,1,132.07,132.07,Carteira Digital,8
2022-07-09,Nike Dunk Low,Tênis,Nike,Masculino,Casual,Japan,3,118.37,355.11,Cartão,7
2022-04-18,Nike Tech Fleece,Moletom com capuz,Nike,Feminino,Streetwear,Germany,5,243.74,1218.7,Carteira Digital,4
2022-01-16,Nike Dunk Low,Tênis,Nike,Unisex,Limited Edition,Japan,5,150.02,750.1,Dinheiro,1
2022-04-02,Nike Tech Fleece,Moletom com capuz,Nike,Feminino,Streetwear,Australia,3,73.31,219.93,Carteira Digital,4
2022-08-25,Puma Joggers,Calça desportiva,Puma,Masculino,Casual,Australia,2,176.24,352.48,Dinheiro,8
2022-05-27,Adidas Ultraboost,Tênis,Adidas,Feminino,Sportswear,UK,5,135.5,677.5,UPI,5
2022-08-18,Fear of God Essentials Tee,Camiseta,Essentials,Masculino,Sportswear,Canada,4,250.12,1000.48,Cartão,8
2022-07-03,Yeezy Boost 350,Tênis,Adidas,Feminino,Casual,Australia,4,145.89,583.56,Cartão,7
2022-05-07,Nike Tech Fleece,Moletom com capuz,Nike,Unisex,Casual,USA,4,281.54,1126.16,Carteira Digital,5
2022-06-25,Jordan 1 High,Tênis,Nike,Unisex,Casual,Australia,4,121.42,485.68,Cartão,6
2022-06-03,Jordan 1 High,Tênis,Nike,Feminino,Streetwear,India,4,265.91,1063.64,UPI,6
2022-01-25,Fear of God Essentials Tee,Camiseta,Essentials,Feminino,Limited Edition,Germany,1,240.42,240.42,Cartão,1
2022-01-08,Adidas Ultraboost,Tênis,Adidas,Feminino,Sportswear,USA,5,275.27,1376.35,Cartão,1
2022-08-09,Supreme Hoodie,Moletom com capuz,Supreme,Feminino,Streetwear,India,3,154.79,464.37,Cartão,8
2022-08-13,Supreme Hoodie,Moletom com capuz,Supreme,Unisex,Sportswear,India,5,139.0,695.0,UPI,8
2022-06-21,Nike Tech Fleece,Moletom com capuz,Nike,Unisex,Streetwear,Australia,3,79.27,237.81,Cartão,6
2022-08-23,Off-White Hoodie,Moletom com capuz,Off-White,Masculino,Casual,Canada,2,237.1,474.2,Dinheiro,8
2022-01-29,Off-White Hoodie,Moletom com capuz,Off-White,Masculino,Casual,UK,4,228.46,913.84,Dinheiro,1
2022-06-12,Supreme Hoodie,Moletom com capuz,Supreme,Masculino,Sportswear,Canada,4,52.42,209.68,Carteira Digital,6
2022-08-26,Nike Dunk Low,Tênis,Nike,Masculino,Limited Edition,Japan,3,270.52,811.56,UPI,8
2022-01-08,Jordan 1 High,Tênis,Nike,Unisex,Limited Edition,UK,4,119.36,477.44,Dinheiro,1
2022-01-23,New Era Cap,Boné,New Era,Feminino,Limited Edition,UK,3,125.26,375.78,Carteira Digital,1
2022-06-02,Off-White Hoodie,Moletom com capuz,Off-White,Feminino,Casual,Canada,3,296.55,889.65,Cartão,6
2022-06-13,Puma Joggers,Calça desportiva,Puma,Feminino,Casual,UK,1,56.73,56.73,Carteira Digital,6
2022-01-18,Supreme Hoodie,Moletom com capuz,Supreme,Unisex,Casual,UK,1,91.56,91.56,UPI,1
2022-04-11,New Era Cap,Boné,New Era,Feminino,Streetwear,USA,2,152.54,305.08,Cartão,4
2022-07-04,New Era Cap,Boné,New Era,Feminino,Casual,Australia,4,61.37,245.48,Dinheiro,7
2022-03-07,Off-White Hoodie,Moletom com capuz,Off-White,Masculino,Streetwear,Japan,3,162.36,487.08,Carteira Digital,3
2022-06-29,Supreme Hoodie,Moletom com capuz,Supreme,Masculino,Streetwear,USA,2,257.5,515.0,UPI,6
2022-05-21,Nike Dunk Low,Tênis,Nike,Feminino,Casual,Germany,4,202.28,809.12,Cartão,5
2022-07-07,New Era Cap,Boné,New Era,Unisex,Casual,India,1,224.83,224.83,Dinheiro,7
2022-04-02,Puma Joggers,Calça desportiva,Puma,Masculino,Streetwear,Canada,3,256.27,768.81,Dinheiro,4
2022-03-26,Yeezy Boost 350,Tênis,Adidas,Feminino,Limited Edition,UK,2,277.26,554.52,UPI,3
2022-07-04,Puma Joggers,Calça desportiva,Puma,Unisex,Streetwear,Canada,3,271.19,813.57,Dinheiro,7
2022-01-12,Off-White Hoodie,Moletom com capuz,Off-White,Masculino,Streetwear,Canada,3,205.62,616.86,Carteira Digital,1
2022-08-01,Jordan 1 High,Tênis,Nike,Masculino,Streetwear,USA,4,130.97,523.88,Cartão,8
2022-03-26,Fear of God Essentials Tee,Camiseta,Essentials,Masculino,Streetwear,Canada,5,267.71,1338.55,Dinheiro,3
2022-01-04,Nike Dunk Low,Tênis,Nike,Masculino,Sportswear,USA,4,151.37,605.48,UPI,1
2022-03-07,Off-White Hoodie,Moletom com capuz,Off-White,Masculino,Sportswear,Canada,5,89.84,449.2,Carteira Digital,3
2022-04-25,Puma Joggers,Calça desportiva,Puma,Masculino,Streetwear,Canada,1,276.64,276.64,Cartão,4
2022-03-15,Puma Joggers,Calça desportiva,Puma,Unisex,Limited Edition,India,3,203.41,610.23,Cartão,3
2022-08-10,Nike Tech Fleece,Moletom com capuz,Nike,Masculino,Limited Edition,UK,2,195.85,391.7,Carteira Digital,8
2022-08-04,Puma Joggers,Calça desportiva,Puma,Masculino,Sportswear,Australia,2,288.87,577.74,UPI,8
2022-05-11,Nike Tech Fleece,Moletom com capuz,Nike,Masculino,Sportswear,Australia,1,65.45,65.45,Dinheiro,5
2022-01-01,Yeezy Boost 350,Tênis,Adidas,Unisex,Casual,USA,1,202.42,202.42,Carteira Digital,1
2022-03-05,Nike Tech Fleece,Moletom com capuz,Nike,Masculino,Streetwear,Australia,2,51.11,102.22,Dinheiro,3
2022-07-24,New Era Cap,Boné,New Era,Masculino,Limited Edition,Japan,1,292.68,292.68,UPI,7
2022-08-10,Puma Joggers,Calça desportiva,Puma,Feminino,Casual,USA,2,175.51,351.02,UPI,8
2022-03-13,Yeezy Boost 350,Tênis,Adidas,Feminino,Sportswear,Germany,4,211.37,845.48,Cartão,3
2022-03-23,Nike Tech Fleece,Moletom com capuz,Nike,Unisex,Casual,Germany,1,209.78,209.78,UPI,3
2022-05-12,Nike Dunk Low,Tênis,Nike,Unisex,Casual,India,1,59.85,59.85,Carteira Digital,5
2022-07-17,Nike Dunk Low,Tênis,Nike,Unisex,Streetwear,Canada,3,156.27,468.81,UPI,7
2022-03-08,Yeezy Boost 350,Tênis,Adidas,Unisex,Limited Edition,Australia,2,175.0,350.0,Cartão,3
2022-08-05,Off-White Hoodie,Moletom com capuz,Off-White,Masculino,Casual,UK,2,88.0,176.0,Carteira Digital,8
2022-07-02,Nike Dunk Low,Tênis,Nike,Masculino,Casual,UK,4,293.33,1173.32,Cartão,7
2022-07-17,Nike Dunk Low,Tênis,Nike,Unisex,Limited Edition,Germany,5,285.37,1426.85,UPI,7
2022-01-15,Off-White Hoodie,Moletom com capuz,Off-White,Feminino,Sportswear,USA,5,220.59,1102.95,Carteira Digital,1
2022-03-03,Nike Dunk Low,Tênis,Nike,Masculino,Streetwear,Australia,5,214.0,1070.0,Carteira Digital,3
2022-08-18,Yeezy Boost 350,Tênis,Adidas,Unisex,Limited Edition,Germany,5,208.24,1041.2,Cartão,8
2022-06-07,Supreme Hoodie,Moletom com capuz,Supreme,Unisex,Casual,Germany,4,133.7,534.8,UPI,6
2022-08-24,Fear of God Essentials Tee,Camiseta,Essentials,Masculino,Casual,India,2,158.7,317.4,Carteira Digital,8
2022-01-19,Nike Tech Fleece,Moletom com capuz,Nike,Feminino,Streetwear,UK,2,244.13,488.26,Dinheiro,1
2022-08-19,Nike Tech Fleece,Moletom com capuz,Nike,Feminino,Casual,Australia,5,147.99,739.95,UPI,8
2022-08-11,Fear of God Essentials Tee,Camiseta,Essentials,Unisex,Casual,Japan,1,157.81,157.81,Dinheiro,8
2022-03-24,Puma Joggers,Calça desportiva,Puma,Unisex,Streetwear,Germany,2,212.76,425.52,Carteira Digital,3
2022-01-17,Adidas Ultraboost,Tênis,Adidas,Feminino,Casual,Australia,3,225.9,677.7,Carteira Digital,1
2022-02-09,New Era Cap,Boné,New Era,Masculino,Streetwear,Canada,3,112.98,338.94,Carteira Digital,2
2022-05-13,New Era Cap,Boné,New Era,Unisex,Casual,Canada,2,100.84,201.68,Dinheiro,5
2022-02-03,Jordan 1 High,Tênis,Nike,Feminino,Casual,Canada,4,292.75,1171.0,Carteira Digital,2
2022-02-08,Nike Tech Fleece,Moletom com capuz,Nike,Masculino,Streetwear,UK,3,82.62,247.86,Dinheiro,2
2022-07-18,Off-White Hoodie,Moletom com capuz,Off-White,Masculino,Sportswear,Australia,3,246.13,738.39,UPI,7
2022-04-29,Nike Dunk Low,Tênis,Nike,Masculino,Streetwear,Germany,4,168.01,672.04,Carteira Digital,4
2022-08-26,Adidas Ultraboost,Tênis,Adidas,Masculino,Sportswear,Japan,1,93.08,93.08,Carteira Digital,8
2022-01-14,Off-White Hoodie,Moletom com capuz,Off-White,Feminino,Limited Edition,Australia,3,161.55,484.65,UPI,1
2022-02-25,New Era Cap,Boné,New Era,Masculino,Casual,Germany,3,228.84,686.52,UPI,2
2022-05-23,Off-White Hoodie,Moletom com capuz,Off-White,Feminino,Sportswear,USA,4,221.31,885.24,Cartão,5
2022-07-26,New Era Cap,Boné,New Era,Feminino,Sportswear,UK,2,287.68,575.36,Dinheiro,7
2022-01-16,Nike Dunk Low,Tênis,Nike,Feminino,Limited Edition,UK,5,168.7,843.5,Carteira Digital,1
2022-06-01,Fear of God Essentials Tee,Camiseta,Essentials,Feminino,Streetwear,UK,3,153.82,461.46,Dinheiro,6
2022-02-13,Adidas Ultraboost,Tênis,Adidas,Unisex,Casual,Japan,4,281.0,1124.0,UPI,2
2022-03-28,Puma Joggers,Calça desportiva,Puma,Feminino,Streetwear,India,5,112.4,562.0,Carteira Digital,3
2022-01-20,Off-White Hoodie,Moletom com capuz,Off-White,Unisex,Limited Edition,Canada,1,233.16,233.16,Dinheiro,1
2022-02-27,Yeezy Boost 350,Tênis,Adidas,Unisex,Sportswear,USA,5,248.71,1243.55,Carteira Digital,2
2022-05-26,Nike Tech Fleece,Moletom com capuz,Nike,Masculino,Casual,Australia,5,157.2,786.0,Carteira Digital,5
2022-01-29,Yeezy Boost 350,Tênis,Adidas,Masculino,Limited Edition,Australia,4,113.75,455.0,Carteira Digital,1
2022-04-14,Yeezy Boost 350,Tênis,Adidas,Feminino,Streetwear,Germany,1,109.66,109.66,Dinheiro,4
2022-06-06,Puma Joggers,Calça desportiva,Puma,Feminino,Casual,India,1,81.57,81.57,UPI,6
2022-02-08,Fear of God Essentials Tee,Camiseta,Essentials,Masculino,Casual,Canada,2,247.2,494.4,UPI,2
2022-05-06,Puma Joggers,Calça desportiva,Puma,Feminino,Sportswear,Japan,4,250.26,1001.04,Cartão,5
2022-01-06,Adidas Ultraboost,Tênis,Adidas,Unisex,Sportswear,Germany,1,137.2,137.2,Cartão,1
2022-03-18,Adidas Ultraboost,Tênis,Adidas,Feminino,Streetwear,Canada,3,164.06,492.18,UPI,3
2022-02-07,Off-White Hoodie,Moletom com capuz,Off-White,Unisex,Streetwear,USA,4,198.45,793.8,Carteira Digital,2
2022-06-05,Puma Joggers,Calça desportiva,Puma,Unisex,Limited Edition,Germany,2,162.48,324.96,Dinheiro,6
2022-06-13,Supreme Hoodie,Moletom com capuz,Supreme,Masculino,Casual,UK,4,243.48,973.92,Carteira Digital,6
2022-08-10,Nike Dunk Low,Tênis,Nike,Feminino,Limited Edition,UK,4,183.4,733.6,Cartão,8
2022-05-05,Off-White Hoodie,Moletom com capuz,Off-White,Masculino,Streetwear,UK,1,271.44,271.44,Dinheiro,5
2022-03-01,Off-White Hoodie,Moletom com capuz,Off-White,Unisex,Limited Edition,USA,2,135.48,270.96,Dinheiro,3
2022-01-21,Fear of God Essentials Tee,Camiseta,Essentials,Masculino,Sportswear,Japan,5,148.46,742.3,Cartão,1
2022-07-10,New Era Cap,Boné,New Era,Masculino,Casual,Canada,5,251.06,1255.3,UPI,7
2022-03-12,New Era Cap,Boné,New Era,Unisex,Streetwear,Germany,2,195.41,390.82,Cartão,3
2022-01-22,Yeezy Boost 350,Tênis,Adidas,Unisex,Limited Edition,India,4,206.29,825.16,Carteira Digital,1
2022-05-13,New Era Cap,Boné,New Era,Feminino,Streetwear,Japan,4,146.09,584.36,Dinheiro,5
2022-05-26,Yeezy Boost 350,Tênis,Adidas,Feminino,Limited Edition,USA,1,284.3,284.3,Cartão,5
2022-01-14,Puma Joggers,Calça desportiva,Puma,Unisex,Limited Edition,Australia,5,289.47,1447.35,Cartão,1
2022-03-10,Nike Tech Fleece,Moletom com capuz,Nike,Feminino,Sportswear,UK,2,218.25,436.5,Carteira Digital,3
2022-07-08,Jordan 1 High,Tênis,Nike,Masculino,Streetwear,India,4,204.62,818.48,Carteira Digital,7
2022-01-03,Puma Joggers,Calça desportiva,Puma,Feminino,Limited Edition,Japan,2,267.42,534.84,Dinheiro,1
2022-04-02,Supreme Hoodie,Moletom com capuz,Supreme,Masculino,Casual,Germany,1,144.59,144.59,UPI,4
2022-08-17,Yeezy Boost 350,Tênis,Adidas,Masculino,Sportswear,Canada,2,80.47,160.94,Cartão,8
2022-04-26,Nike Tech Fleece,Moletom com capuz,Nike,Masculino,Casual,Canada,2,98.17,196.34,Cartão,4
2022-06-15,Off-White Hoodie,Moletom com capuz,Off-White,Masculino,Sportswear,UK,2,63.76,127.52,Dinheiro,6
2022-04-06,Supreme Hoodie,Moletom com capuz,Supreme,Masculino,Casual,UK,2,157.12,314.24,Cartão,4
2022-04-07,Supreme Hoodie,Moletom com capuz,Supreme,Feminino,Casual,Germany,5,293.21,1466.05,Dinheiro,4
2022-03-30,Off-White Hoodie,Moletom com capuz,Off-White,Masculino,Streetwear,UK,2,142.25,284.5,UPI,3
2022-07-02,Off-White Hoodie,Moletom com capuz,Off-White,Masculino,Sportswear,Japan,1,86.17,86.17,Carteira Digital,7
2022-07-09,Nike Tech Fleece,Moletom com capuz,Nike,Feminino,Limited Edition,Canada,3,172.37,517.11,Cartão,7
2022-02-05,Off-White Hoodie,Moletom com capuz,Off-White,Masculino,Sportswear,India,3,236.05,708.15,UPI,2
2022-07-11,Nike Tech Fleece,Moletom com capuz,Nike,Masculino,Streetwear,UK,3,256.72,770.16,UPI,7
2022-06-02,Nike Dunk Low,Tênis,Nike,Masculino,Limited Edition,UK,4,205.64,822.56,Carteira Digital,6
2022-05-29,Off-White Hoodie,Moletom com capuz,Off-White,Masculino,Streetwear,Germany,4,68.18,272.72,Dinheiro,5
2022-03-21,New Era Cap,Boné,New Era,Masculino,Limited Edition,Australia,4,68.97,275.88,Cartão,3
2022-06-06,Nike Tech Fleece,Moletom com capuz,Nike,Unisex,Limited Edition,Germany,5,123.23,616.15,Carteira Digital,6
2022-08-24,Nike Dunk Low,Tênis,Nike,Feminino,Streetwear,Australia,5,273.0,1365.0,Cartão,8
2022-02-10,Yeezy Boost 350,Tênis,Adidas,Feminino,Casual,Canada,3,225.84,677.52,Cartão,2
2022-03-01,Jordan 1 High,Tênis,Nike,Feminino,Sportswear,Canada,3,235.36,706.08,Carteira Digital,3
2022-03-17,Yeezy Boost 350,Tênis,Adidas,Feminino,Sportswear,India,5,189.94,949.7,Dinheiro,3
2022-01-03,Off-White Hoodie,Moletom com capuz,Off-White,Feminino,Casual,USA,3,110.2,330.6,Cartão,1
2022-06-29,Off-White Hoodie,Moletom com capuz,Off-White,Unisex,Sportswear,Germany,2,54.76,109.52,Carteira Digital,6
2022-06-02,Supreme Hoodie,Moletom com capuz,Supreme,Feminino,Sportswear,Australia,1,296.56,296.56,UPI,6
2022-06-04,Yeezy Boost 350,Tênis,Adidas,Feminino,Sportswear,Australia,1,296.51,296.51,Carteira Digital,6
2022-04-03,Puma Joggers,Calça desportiva,Puma,Masculino,Casual,India,1,89.5,89.5,UPI,4
2022-03-16,Yeezy Boost 350,Tênis,Adidas,Unisex,Casual,UK,3,280.64,841.92,Cartão,3
2022-02-15,Nike Tech Fleece,Moletom com capuz,Nike,Feminino,Streetwear,Canada,5,234.28,1171.4,Dinheiro,2
2022-01-01,Nike Dunk Low,Tênis,Nike,Feminino,Streetwear,Japan,2,294.89,589.78,Carteira Digital,1
2022-03-10,Jordan 1 High,Tênis,Nike,Feminino,Sportswear,USA,1,208.24,208.24,Dinheiro,3
2022-04-08,Jordan 1 High,Tênis,Nike,Masculino,Casual,India,5,94.25,471.25,Carteira Digital,4
2022-08-03,Nike Tech Fleece,Moletom com capuz,Nike,Feminino,Casual,Germany,5,259.0,1295.0,Cartão,8
2022-05-05,Puma Joggers,Calça desportiva,Puma,Feminino,Casual,Germany,4,299.73,1198.92,Dinheiro,5
2022-05-19,Adidas Ultraboost,Tênis,Adidas,Masculino,Casual,Canada,5,71.26,356.3,Dinheiro,5
2022-07-17,Nike Dunk Low,Tênis,Nike,Feminino,Limited Edition,Japan,5,270.14,1350.7,Carteira Digital,7
